{"1": {"1": 0.0, "2": 0.47770578665757757, "3": 0.584989619560728, "4": 0.5269632455027832, "5": 0.469888343291503, "6": 0.4108225281069976}, "2": {"1": 0.47770578665757757, "2": 0.0, "3": 0.14879407847424037, "4": 0.11135306654035562, "5": 0.08146487721016549, "6": 0.1253529955089001}, "3": {"1": 0.584989619560728, "2": 0.14879407847424037, "3": 0.0, "4": 0.10898431352601513, "5": 0.15138249708901502, "6": 0.1900503117560004}, "4": {"1": 0.5269632455027832, "2": 0.11135306654035562, "3": 0.10898431352601513, "4": 0.0, "5": 0.10674669056936102, "6": 0.1544569387461156}, "5": {"1": 0.469888343291503, "2": 0.08146487721016549, "3": 0.15138249708901502, "4": 0.10674669056936102, "5": 0.0, "6": 0.0999536389878556}, "6": {"1": 0.4108225281069976, "2": 0.1253529955089001, "3": 0.1900503117560004, "4": 0.1544569387461156, "5": 0.0999536389878556, "6": 0.0}}