{"1": {"1": 0.0, "2": 0.45480587515628595, "3": 0.5572968538457443, "4": 0.49095023929944553, "5": 0.4031983826622819, "6": 0.3388871370629275}, "2": {"1": 0.45480587515628595, "2": 0.0, "3": 0.17608608635486855, "4": 0.1215273214776397, "5": 0.11738866426867599, "6": 0.14286462802787858}, "3": {"1": 0.5572968538457443, "2": 0.17608608635486855, "3": 0.0, "4": 0.13778483275649103, "5": 0.19336509098309246, "6": 0.26995028756221673}, "4": {"1": 0.49095023929944553, "2": 0.1215273214776397, "3": 0.13778483275649103, "4": 0.0, "5": 0.1414556009133886, "6": 0.20839863726491809}, "5": {"1": 0.4031983826622819, "2": 0.11738866426867599, "3": 0.19336509098309246, "4": 0.1414556009133886, "5": 0.0, "6": 0.1296556248537044}, "6": {"1": 0.3388871370629275, "2": 0.14286462802787858, "3": 0.26995028756221673, "4": 0.20839863726491809, "5": 0.1296556248537044, "6": 0.0}}