{"1": {"1": 0.0, "2": 0.469657988736181, "3": 0.5663762341106, "4": 0.5004676951301907, "5": 0.411233765537247, "6": 0.33823612433343486}, "2": {"1": 0.469657988736181, "2": 0.0, "3": 0.17434332523791896, "4": 0.1136221755231297, "5": 0.11728553136605596, "6": 0.1512967094126908}, "3": {"1": 0.5663762341106, "2": 0.17434332523791896, "3": 0.0, "4": 0.13270817777894142, "5": 0.19449045807717297, "6": 0.27946033472151977}, "4": {"1": 0.5004676951301907, "2": 0.1136221755231297, "3": 0.13270817777894142, "4": 0.0, "5": 0.14698555457125356, "6": 0.21299650711333054}, "5": {"1": 0.411233765537247, "2": 0.11728553136605596, "3": 0.19449045807717297, "4": 0.14698555457125356, "5": 0.0, "6": 0.1312454232701968}, "6": {"1": 0.33823612433343486, "2": 0.1512967094126908, "3": 0.27946033472151977, "4": 0.21299650711333054, "5": 0.1312454232701968, "6": 0.0}}