{"1": {"1": 0.0, "2": 0.1405315669987336, "3": 0.18088687900425443, "4": 0.0663458186096195}, "2": {"1": 0.1405315669987336, "2": 0.0, "3": 0.10820030841318377, "4": 0.15700630500930415}, "3": {"1": 0.18088687900425443, "2": 0.10820030841318377, "3": 0.0, "4": 0.203537507870905}, "4": {"1": 0.0663458186096195, "2": 0.15700630500930415, "3": 0.203537507870905, "4": 0.0}}