{"1": {"1": 0.0, "2": 0.11432399100786904, "3": 0.13547738680724394, "4": 0.03616477793827948}, "2": {"1": 0.11432399100786904, "2": 0.0, "3": 0.053310133974884946, "4": 0.14343777287062856}, "3": {"1": 0.13547738680724394, "2": 0.053310133974884946, "3": 0.0, "4": 0.16530128965299346}, "4": {"1": 0.03616477793827948, "2": 0.14343777287062856, "3": 0.16530128965299346, "4": 0.0}}