{"1": {"1": 0.0, "2": 0.1432955536971635, "3": 0.18437437402083548, "4": 0.07180702935330541}, "2": {"1": 0.1432955536971635, "2": 0.0, "3": 0.10669270593685881, "4": 0.1612846051684741}, "3": {"1": 0.18437437402083548, "2": 0.10669270593685881, "3": 0.0, "4": 0.21041012089850003}, "4": {"1": 0.07180702935330541, "2": 0.1612846051684741, "3": 0.21041012089850003, "4": 0.0}}