{"1": {"1": 0.0, "2": 0.06862218347967632, "3": 0.08417586489647935, "4": 0.03644501869719564, "5": 0.069615983276024, "6": 0.05890372556152298}, "2": {"1": 0.06862218347967632, "2": 0.0, "3": 0.03355012534860967, "4": 0.04753366464110059, "5": 0.07031240450237627, "6": 0.06576199045521929}, "3": {"1": 0.08417586489647935, "2": 0.03355012534860967, "3": 0.0, "4": 0.06335389413045034, "5": 0.08072146842886063, "6": 0.06695020497935569}, "4": {"1": 0.03644501869719564, "2": 0.04753366464110059, "3": 0.06335389413045034, "4": 0.0, "5": 0.06545471782504357, "6": 0.05746213412173857}, "5": {"1": 0.069615983276024, "2": 0.07031240450237627, "3": 0.08072146842886063, "4": 0.06545471782504357, "5": 0.0, "6": 0.06493589917053101}, "6": {"1": 0.05890372556152298, "2": 0.06576199045521929, "3": 0.06695020497935569, "4": 0.05746213412173857, "5": 0.06493589917053101, "6": 0.0}}