{"1": {"1": 0.0, "2": 0.0008391179962, "3": 0.0006261964066666667, "4": 0.0, "5": 0.0007020317556666667, "6": 0.0}, "2": {"1": 0.0008391179962, "2": 0.0, "3": 0.00021728725620000005, "4": 0.0008391179962, "5": 0.0001422646698666667, "6": 0.0008391179962}, "3": {"1": 0.0006261964066666667, "2": 0.00021728725620000005, "3": 0.0, "4": 0.0006261964066666667, "5": 0.00010660709099999997, "6": 0.0006261964066666667}, "4": {"1": 0.0, "2": 0.0008391179962, "3": 0.0006261964066666667, "4": 0.0, "5": 0.0007020317556666667, "6": 0.0}, "5": {"1": 0.0007020317556666667, "2": 0.0001422646698666667, "3": 0.00010660709099999997, "4": 0.0007020317556666667, "5": 0.0, "6": 0.0007020317556666667}, "6": {"1": 0.0, "2": 0.0008391179962, "3": 0.0006261964066666667, "4": 0.0, "5": 0.0007020317556666667, "6": 0.0}}