{"1": {"1": 0.0, "2": 0.006075025354279369, "3": 0.010077069331717665, "4": 0.014040057210493333, "5": 0.009480283437553336, "6": 0.010608965811563332}, "2": {"1": 0.006075025354279369, "2": 0.0, "3": 0.008344926987675031, "4": 0.011801282830200032, "5": 0.0100122149898247, "6": 0.011743816624360697}, "3": {"1": 0.010077069331717665, "2": 0.008344926987675031, "3": 0.0, "4": 0.018431073831617673, "5": 0.009193389165402332, "6": 0.007095780885792335}, "4": {"1": 0.014040057210493333, "2": 0.011801282830200032, "3": 0.018431073831617673, "4": 0.0, "5": 0.020559084692746667, "6": 0.022879336806256666}, "5": {"1": 0.009480283437553336, "2": 0.0100122149898247, "3": 0.009193389165402332, "4": 0.020559084692746667, "5": 0.0, "6": 0.005564898157450005}, "6": {"1": 0.010608965811563332, "2": 0.011743816624360697, "3": 0.007095780885792335, "4": 0.022879336806256666, "5": 0.005564898157450005, "6": 0.0}}