{"1": {"1": 0.0, "2": 0.06892509438785167, "3": 0.08616741607215139, "4": 0.03495006992421651, "5": 0.07057399964627133, "6": 0.059797503505397656}, "2": {"1": 0.06892509438785167, "2": 0.0, "3": 0.0357877478901303, "4": 0.04422454197049521, "5": 0.06853513801289232, "6": 0.06373030794012932}, "3": {"1": 0.08616741607215139, "2": 0.0357877478901303, "3": 0.0, "4": 0.06259541900723659, "5": 0.0789369444717693, "6": 0.06740683003388909}, "4": {"1": 0.03495006992421651, "2": 0.04422454197049521, "3": 0.06259541900723659, "4": 0.0, "5": 0.06329155638541456, "6": 0.05416095025202083}, "5": {"1": 0.07057399964627133, "2": 0.06853513801289232, "3": 0.0789369444717693, "4": 0.06329155638541456, "5": 0.0, "6": 0.06372081857824907}, "6": {"1": 0.059797503505397656, "2": 0.06373030794012932, "3": 0.06740683003388909, "4": 0.05416095025202083, "5": 0.06372081857824907, "6": 0.0}}