{"1": {"1": 0.0, "2": 0.06098815602507267, "3": 0.0449127330061403, "4": 0.05931713021642231}, "2": {"1": 0.06098815602507267, "2": 0.0, "3": 0.0701790553947696, "4": 0.04203322323809307}, "3": {"1": 0.0449127330061403, "2": 0.0701790553947696, "3": 0.0, "4": 0.05910787099198523}, "4": {"1": 0.05931713021642231, "2": 0.04203322323809307, "3": 0.05910787099198523, "4": 0.0}}