{"1": {"1": 0.0, "2": 0.06364944884243168, "3": 0.07457095278979169, "4": 0.07441618702783195}, "2": {"1": 0.06364944884243168, "2": 0.0, "3": 0.04180382890345999, "4": 0.027437185263313662}, "3": {"1": 0.07457095278979169, "2": 0.04180382890345999, "3": 0.0, "4": 0.033911818985847}, "4": {"1": 0.07441618702783195, "2": 0.027437185263313662, "3": 0.033911818985847, "4": 0.0}}