{"1": {"1": 0.0, "2": 0.06084623001066504, "3": 0.05748513359247742, "4": 0.07970642152288733}, "2": {"1": 0.06084623001066504, "2": 0.0, "3": 0.07233117462195578, "4": 0.056432625734674974}, "3": {"1": 0.05748513359247742, "2": 0.07233117462195578, "3": 0.0, "4": 0.06700361884401607}, "4": {"1": 0.07970642152288733, "2": 0.056432625734674974, "3": 0.06700361884401607, "4": 0.0}}