{"1": {"1": 0.0, "2": 0.06411615511994298, "3": 0.05940605281568183, "4": 0.07970863037497464}, "2": {"1": 0.06411615511994298, "2": 0.0, "3": 0.07730374107507802, "4": 0.05446033087569761}, "3": {"1": 0.05940605281568183, "2": 0.07730374107507802, "3": 0.0, "4": 0.06936660814357508}, "4": {"1": 0.07970863037497464, "2": 0.05446033087569761, "3": 0.06936660814357508, "4": 0.0}}