{"1": {"1": 0.0, "2": 0.0009656567875000001, "3": 0.0, "4": 0.0}, "2": {"1": 0.0009656567875000001, "2": 0.0, "3": 0.0009656567875000001, "4": 0.0009656567875000001}, "3": {"1": 0.0, "2": 0.0009656567875000001, "3": 0.0, "4": 0.0}, "4": {"1": 0.0, "2": 0.0009656567875000001, "3": 0.0, "4": 0.0}}