{"1": {"1": 0.0, "2": 0.37247714078006394, "3": 0.4243388292457695, "4": 0.42445219766762254}, "2": {"1": 0.37247714078006394, "2": 0.0, "3": 0.14143120244655555, "4": 0.11050469952495753}, "3": {"1": 0.4243388292457695, "2": 0.14143120244655555, "3": 0.0, "4": 0.08404363026622712}, "4": {"1": 0.42445219766762254, "2": 0.11050469952495753, "3": 0.08404363026622712, "4": 0.0}}