{"1": {"1": 0.0, "2": 0.3997302718111276, "3": 0.5092222503208501, "4": 0.526202817396158}, "2": {"1": 0.3997302718111276, "2": 0.0, "3": 0.15522916538568246, "4": 0.16528916847877037}, "3": {"1": 0.5092222503208501, "2": 0.15522916538568246, "3": 0.0, "4": 0.053020741097178886}, "4": {"1": 0.526202817396158, "2": 0.16528916847877037, "3": 0.053020741097178886, "4": 0.0}}