{"1": {"1": 0.0, "2": 0.4427412232860821, "3": 0.4616277828531009, "4": 0.4814921856916302}, "2": {"1": 0.4427412232860821, "2": 0.0, "3": 0.16982715615163063, "4": 0.13723852967605105}, "3": {"1": 0.4616277828531009, "2": 0.16982715615163063, "3": 0.0, "4": 0.11904826734234006}, "4": {"1": 0.4814921856916302, "2": 0.13723852967605105, "3": 0.11904826734234006, "4": 0.0}}