{"1": {"1": 0.0, "2": 0.23033324649023085, "3": 0.3227296043971164, "4": 0.3311308328433845}, "2": {"1": 0.23033324649023085, "2": 0.0, "3": 0.18290338824623542, "4": 0.17360241020999373}, "3": {"1": 0.3227296043971164, "2": 0.18290338824623542, "3": 0.0, "4": 0.07523181529280115}, "4": {"1": 0.3311308328433845, "2": 0.17360241020999373, "3": 0.07523181529280115, "4": 0.0}}