{"1": {"1": 0.0, "2": 0.22890348714360287, "3": 0.3206351216554665, "4": 0.33331973113514457}, "2": {"1": 0.22890348714360287, "2": 0.0, "3": 0.18334680431789244, "4": 0.17651934052148155}, "3": {"1": 0.3206351216554665, "2": 0.18334680431789244, "3": 0.0, "4": 0.07390456834822096}, "4": {"1": 0.33331973113514457, "2": 0.17651934052148155, "3": 0.07390456834822096, "4": 0.0}}