{"1": {"1": 0.0, "2": 0.44595619319695057, "3": 0.45618051963622097, "4": 0.48171367087272027}, "2": {"1": 0.44595619319695057, "2": 0.0, "3": 0.16426957166118902, "4": 0.13400439656622948}, "3": {"1": 0.45618051963622097, "2": 0.16426957166118902, "3": 0.0, "4": 0.11852189593401011}, "4": {"1": 0.48171367087272027, "2": 0.13400439656622948, "3": 0.11852189593401011, "4": 0.0}}